,dataset,solver,scheduler,cacher_quantizer,SEC_PER_IMG,TFLOPS,bits_per_weight,FID,IS,CLIP,nfe
0,COCO,DEIS3,SNR,NONE,6.559675983339548,299.01864073734,,20.88755226135254,39.08448028564453,33.779144287109375,25
1,COCO,DEIS3,KARRAS,NONE,6.8995912148617204,299.01864073734,,21.06633186340332,38.92089080810547,33.76981735229492,25
2,COCO,DEIS3,AYS,NONE,6.67107857177034,299.01864073734,,20.787446975708008,38.694480895996094,33.801025390625,25
3,COCO,DEIS3,LINEAR,NONE,6.810529080145061,299.01864073734,,22.460233688354492,36.732383728027344,34.068729400634766,25
4,COCO,DDIMHF,DDIM,NONE,13.384158065989613,597.92729017832,,20.75118637084961,39.18177795410156,33.71723175048828,50
5,COCO,DDIMHF,DDIM,NONE,6.599534732922912,299.018637721045,,20.579984664916992,38.05230712890625,33.59207534790039,25
6,COCO,DEIS3,LINEAR,NONE,4.453206774741411,203.367870901876,,23.965015411376953,34.55414962768555,34.145050048828125,17
7,COCO,DEIS3,SNR,NONE,4.431004365459085,203.367870901876,,20.31795883178711,39.035457611083984,33.690982818603516,17
8,COCO,DEIS3,AYS,NONE,4.4330082910507915,203.367870901876,,20.08262825012207,38.59296417236328,33.7705192565918,17
9,COCO,DDIMHF,DDIM,NONE,1.885258085206151,83.804407951807,,33.24477767944336,28.952545166015625,32.56856155395508,7
10,COCO,DEIS3,LINEAR,NONE,2.721467233481817,119.67344703359,,20.004619598388672,37.87869644165039,33.699012756347656,10
11,COCO,DDIMHF,DDIM,NONE,4.481669293567538,203.367868934717,,21.263294219970703,36.84490203857422,33.4218864440918,17
12,COCO,DEIS3,AYS,NONE,1.8854360625520348,83.804408345291,,19.74053955078125,36.66815948486328,33.15779113769531,7
13,COCO,DEIS3,KARRAS,NONE,4.383262298479676,203.367870901876,,20.911453247070312,38.77254867553711,33.740238189697266,17
14,COCO,DEIS3,AYS,NONE,2.651167004406452,119.67344703359,,19.024757385253906,38.49678039550781,33.5661735534668,10
15,COCO,DDIMHF,DDIM,NONE,2.6625375417619943,119.67344624668,,24.308265686035156,33.763099670410156,33.189247131347656,10
16,COCO,DEIS3,KARRAS,NONE,1.8355380056519062,83.804408345291,,25.524110794067383,33.01871871948242,33.136043548583984,7
17,COCO,DEIS3,KARRAS,NONE,2.639368543922901,119.67344703359,,20.146987915039062,38.20235061645508,33.59814453125,10
18,COCO,DEIS3,SNR,NONE,1.858597187041305,83.804408345291,,24.284433364868164,34.177391052246094,32.905582427978516,7
19,COCO,DEIS3,SNR,NONE,2.6545893887430427,119.67344703359,,20.1313533782959,37.52659606933594,33.45359802246094,10
20,COCO,DEIS3,LINEAR,NONE,1.8815479449182748,83.804408345291,,20.48487091064453,37.06201934814453,33.603939056396484,7
21,COCO,DEIS,LINEAR,NONE,13.311095089279116,597.927293325037,,21.080852508544922,38.900718688964844,33.80192184448242,50
22,COCO,DEIS,SNR,NONE,13.144735775217415,597.927293325037,,21.118831634521484,39.01066589355469,33.79372787475586,50
23,COCO,DEIS,AYS,NONE,12.984023127444088,597.927293325037,,21.00968360900879,38.97460174560547,33.78835678100586,50
24,COCO,DEIS,KARRAS,NONE,12.88997699279338,597.927293325037,,21.155357360839844,38.83521270751953,33.793861389160156,50
25,COCO,DEIS,KARRAS,NONE,1.3325233374536039,59.891715820839,,34.053157806396484,29.534114837646484,32.392555236816406,5
26,COCO,DEIS,SNR,NONE,1.3463895535096526,59.891715820839,,45.28638458251953,25.20429039001465,31.65541648864746,5
27,COCO,DEIS,DDIM,NONE,4.488070420697332,203.367869918086,,21.755937576293945,36.51276397705078,33.58518600463867,17
28,COCO,DEIS,LINEAR,NONE,4.429394360743463,203.367869918086,,20.047895431518555,38.802127838134766,33.78823471069336,17
29,COCO,DEIS,SNR,NONE,2.588303450457752,119.673446640074,,20.38930320739746,37.48971939086914,33.419830322265625,10
30,COCO,DEIS,DDIM,NONE,1.3325624265521765,59.891715820839,,57.902530670166016,20.95852279663086,30.734609603881836,5
31,COCO,DEIS,AYS,NONE,1.8470154771208762,83.804408148533,,20.368541717529297,36.773841857910156,33.12877655029297,7
32,COCO,DEIS,LINEAR,NONE,1.8533748379349708,83.804408148533,,20.762332916259766,36.83940887451172,33.581504821777344,7
33,COCO,DEIS,KARRAS,NONE,1.8547355356439947,83.804408148533,,22.07903480529785,36.06220626831055,33.27214813232422,7
34,COCO,DEIS,SNR,NONE,1.866261705160141,83.804408148533,,23.993568420410156,34.77031326293945,32.92423629760742,7
35,COCO,DEIS,DDIM,NONE,2.605172890461981,119.673446640074,,23.581819534301758,33.44829177856445,33.308895111083984,10
36,COCO,DEIS,KARRAS,NONE,2.61512715511024,119.673446640074,,20.24402618408203,38.25602722167969,33.586551666259766,10
37,COCO,DEIS,DDIM,NONE,1.8624737064167858,83.804408148533,,31.17520523071289,28.153705596923828,32.668800354003906,7
38,COCO,DEIS,AYS,NONE,2.599799887686968,119.673446640074,,19.201894760131836,38.50780487060547,33.52896499633789,10
39,COCO,DEIS,LINEAR,NONE,2.6630936904624103,119.673446640074,,20.001737594604492,37.95452880859375,33.70156478881836,10
40,COCO,DEIS,AYS,NONE,1.3679910784587264,59.891715820839,,30.776851654052734,30.161922454833984,32.30741500854492,5
41,COCO,DEIS,AYS,NONE,4.435505437478423,203.367869918086,,19.811784744262695,38.99298858642578,33.72833251953125,17
42,COCO,DEIS,LINEAR,NONE,1.3184802625328302,59.891715820839,,23.138593673706055,35.23992919921875,33.37397003173828,5
43,COCO,DEIS,DDIM,NONE,2.5571815256029367,299.018639228862,,21.027936935424805,37.72855758666992,33.72184753417969,25
44,COCO,DEIS,LINEAR,NONE,2.562657895796001,299.018639228862,,20.47451400756836,39.277503967285156,33.8128662109375,25
45,COCO,DEIS,AYS,NONE,2.572268486097455,299.018639228862,,20.46058464050293,38.98605728149414,33.78093338012695,25
46,COCO,DEIS,KARRAS,NONE,1.7355618001520634,203.367869918086,,20.563678741455078,39.03135681152344,33.75071716308594,17
47,COCO,DEIS,SNR,NONE,1.7355413719639181,203.367869918086,,20.267797470092773,39.352699279785156,33.6884765625,17
48,COCO,DEIS,KARRAS,NONE,2.534696782715619,299.018639228862,,20.857566833496094,39.392913818359375,33.76853561401367,25
49,COCO,DEIS,SNR,NONE,2.5580352805927395,299.018639228862,,20.64544105529785,39.109439849853516,33.7698860168457,25
50,COCO,DPMS,AYS,NONE,4.47798866443336,203.367867820861,,20.712203979492188,38.7502555847168,33.71484375,17
51,COCO,DPMS,SNR,NONE,2.620015927106142,119.673445591464,,20.391324996948242,38.093833923339844,33.4848518371582,10
52,COCO,DPMSORIG,AYS,NONE,1.3295024082809688,59.891715427617,,29.10355567932129,30.364253997802734,32.378700256347656,5
53,COCO,DPMS,SNR,NONE,4.469501170143485,203.367867820861,,20.75288200378418,39.205177307128906,33.687862396240234,17
54,COCO,DDIM,SNR,NONE,1.908327909372747,83.804407493111,,27.469324111938477,33.84813690185547,32.9894905090332,7
55,COCO,DDIM,KARRAS,NONE,1.8604921014606952,83.804407493111,,25.06194305419922,35.26987838745117,33.265350341796875,7
56,COCO,DPMSORIG,KARRAS,NONE,1.340708927065134,59.891715427617,,37.28651428222656,27.31954574584961,32.21038818359375,5
57,COCO,UNIPC,KARRAS,NONE,1.3515328458091245,59.891715689826,,39.96922302246094,25.736072540283203,32.11138153076172,5
58,COCO,DDIM,SNR,NONE,1.3266576711088418,59.891715427585,,49.54594802856445,24.48715591430664,31.678611755371094,5
59,COCO,DPMSORIG,LINEAR,NONE,5.08768855061382,597.927286902312,,20.92820930480957,38.965782165527344,33.8260383605957,50
60,COCO,UNIPC,LINEAR,NONE,5.206086176820099,597.927290114451,,22.65839385986328,38.257362365722656,33.75794219970703,50
61,COCO,UNIPC,SNR,NONE,1.0490884343534708,119.673446181451,,20.34023666381836,37.533973693847656,33.43830490112305,10
62,COCO,UNIPC,SNR,NONE,13.219929788596929,597.927290114451,,22.007822036743164,39.31568145751953,33.758056640625,50
63,COCO,DPMS,AYS,NONE,13.322334393914788,597.927286902304,,22.16033935546875,38.47247314453125,33.7568359375,50
64,COCO,DPMS,KARRAS,NONE,13.170813235435634,597.927286902304,,21.863235473632812,39.080078125,33.76670455932617,50
65,COCO,DPMS,SNR,NONE,12.988459705524146,597.927286902304,,21.841510772705078,39.055145263671875,33.76172637939453,50
66,COCO,UNIPC,DDIM,NONE,13.465960326902568,597.927290114451,,21.84980583190918,38.279869079589844,33.73295974731445,50
67,COCO,DPMS,DDIM,NONE,12.93405641272664,597.927286902304,,21.660541534423828,38.64289474487305,33.7383918762207,50
68,COCO,DPMS,LINEAR,NONE,13.023587682805955,597.927286902304,,22.494110107421875,38.20550537109375,33.762149810791016,50
69,COCO,UNIPC,AYS,NONE,5.369072030624375,597.927290114451,,22.550106048583984,38.366371154785156,33.7649040222168,50
70,COCO,DDIM,SNR,NONE,5.037238748073578,597.92728690192,,21.10779571533203,39.506980895996094,33.756107330322266,50
71,COCO,DDIM,KARRAS,NONE,5.048710697256029,597.92728690192,,21.389339447021484,39.81609344482422,33.77056121826172,50
72,COCO,DDIM,DDIM,NONE,5.062218736298382,597.92728690192,,21.520299911499023,39.159568786621094,33.71434783935547,50
73,COCO,DDIM,LINEAR,NONE,5.049325442910194,597.92728690192,,21.948007583618164,38.50249481201172,33.750484466552734,50
74,COCO,UNIPC,KARRAS,NONE,5.1984097064007075,597.927290114451,,22.079771041870117,39.26055145263672,33.75925827026367,50
75,COCO,DDIM,AYS,NONE,5.039349441416562,597.92728690192,,21.613435745239258,39.036460876464844,33.757511138916016,50
76,COCO,DPMSORIG,SNR,NONE,5.075579018360004,597.927286902312,,21.179529190063477,38.81502151489258,33.79408264160156,50
77,COCO,DPMSORIG,SNR,NONE,6.560661395937204,299.018636083037,,20.69873809814453,39.10255813598633,33.77944564819336,25
78,COCO,DPMSORIG,DDIM,NONE,5.045773245850578,597.927286902312,,21.099143981933594,38.562767028808594,33.78853225708008,50
79,COCO,DPMSORIG,KARRAS,NONE,5.036755495034158,597.927286902312,,21.1551456451416,38.93433380126953,33.797794342041016,50
80,COCO,DPMSORIG,AYS,NONE,5.070333434343338,597.927286902312,,21.032629013061523,39.00193786621094,33.788360595703125,50
81,COCO,DPMSORIG,KARRAS,NONE,6.575115229673684,299.018636083037,,20.993701934814453,39.255157470703125,33.771060943603516,25
82,COCO,DPMSORIG,AYS,NONE,6.630008944557049,299.018636083037,,20.526840209960938,38.68901443481445,33.79503631591797,25
83,COCO,DPMSORIG,AYS,NONE,1.9123280445486308,83.804407493159,,20.43616485595703,36.533206939697266,33.24202346801758,7
84,COCO,DPMSORIG,LINEAR,NONE,1.8589740082621575,83.804407493159,,22.343849182128906,33.295021057128906,33.923336029052734,7
85,COCO,DPMSORIG,KARRAS,NONE,1.7706439724471421,203.367867820869,,20.81035041809082,38.90985107421875,33.76728057861328,17
86,COCO,DPMSORIG,DDIM,NONE,1.8821600828319789,83.804407493159,,37.49890899658203,24.79035186767578,33.03821563720703,7
87,COCO,DPMSORIG,AYS,NONE,1.7407461671065538,203.367867820869,,19.96208953857422,38.87535858154297,33.75153350830078,17
88,COCO,DPMSORIG,LINEAR,NONE,1.7586273911315948,203.367867820869,,20.83351707458496,37.01520538330078,33.91534423828125,17
89,COCO,DPMSORIG,DDIM,NONE,2.6097767373546956,119.673445591472,,27.725757598876953,29.91696548461914,33.615901947021484,10
90,COCO,DPMSORIG,KARRAS,NONE,1.879304697457701,83.804407493159,,21.806276321411133,35.131866455078125,33.34473419189453,7
91,COCO,DPMSORIG,SNR,NONE,1.8604205466993153,83.804407493159,,23.733171463012695,34.310523986816406,32.949806213378906,7
92,COCO,DPMSORIG,SNR,NONE,1.3307855591923,59.891715427617,,46.7672233581543,24.429880142211914,31.62091827392578,5
93,COCO,DPMSORIG,DDIM,NONE,1.3112440675869583,59.891715427617,,64.53279113769531,18.5612735748291,31.155115127563477,5
94,COCO,DPMSORIG,LINEAR,NONE,1.3593119782581926,59.891715427617,,25.03588104248047,31.241390228271484,33.61979675292969,5
95,COCO,DPMSORIG,KARRAS,NONE,1.0693275421857833,119.673445591472,,20.291000366210938,38.147071838378906,33.65685272216797,10
96,COCO,DPMSORIG,LINEAR,NONE,1.0262614291161298,119.673445591472,,21.252147674560547,35.191925048828125,33.968990325927734,10
97,COCO,DPMSORIG,AYS,NONE,1.0279770525544882,119.673445591472,,19.665388107299805,38.289833068847656,33.58000946044922,10
98,COCO,DPMSORIG,DDIM,NONE,1.7516819074377417,203.367867820869,,23.483959197998047,34.74380874633789,33.72534942626953,17
99,COCO,DPMSORIG,SNR,NONE,1.738817391935736,203.367867820869,,20.377052307128906,38.91584014892578,33.701683044433594,17
100,COCO,DPMSORIG,SNR,NONE,1.0304843895509839,119.673445591472,,20.315778732299805,37.7667121887207,33.46737289428711,10
101,COCO,DPMSORIG,DDIM,NONE,2.526874342113733,299.018636083037,,21.518688201904297,36.70623016357422,33.81315994262695,25
102,COCO,DPMSORIG,LINEAR,NONE,2.545939882956445,299.018636083037,,20.548717498779297,38.33431625366211,33.89957809448242,25
103,COCO,UNIPC,KARRAS,NONE,6.51658789832145,299.018637656326,,21.733118057250977,39.047611236572266,33.74300003051758,25
104,COCO,UNIPC,SNR,NONE,2.5933914462663235,299.018637656326,,21.525466918945312,38.92625427246094,33.73566436767578,25
105,COCO,UNIPC,LINEAR,NONE,6.670450493581593,299.018637656326,,22.11623764038086,38.149417877197266,33.75443649291992,25
106,COCO,UNIPC,AYS,NONE,6.710346202105284,299.018637656326,,22.01081657409668,37.800079345703125,33.739864349365234,25
107,COCO,UNIPC,DDIM,NONE,6.635187422595918,299.018637656326,,21.056358337402344,37.28705596923828,33.687095642089844,25
108,COCO,DPMS,SNR,NONE,6.559096693210304,299.018636083029,,21.198728561401367,39.11125564575195,33.74770736694336,25
109,COCO,DPMS,KARRAS,NONE,6.603935351371765,299.018636083029,,21.577329635620117,39.225303649902344,33.74527359008789,25
110,COCO,DPMS,LINEAR,NONE,6.695370072051883,299.018636083029,,21.79073715209961,38.29121780395508,33.756866455078125,25
111,COCO,DPMS,AYS,NONE,6.634824711680412,299.018636083029,,21.542875289916992,38.56283950805664,33.75752258300781,25
112,COCO,UNIPC,SNR,NONE,4.513956876546144,203.367868869726,,21.05099868774414,38.54914474487305,33.674888610839844,17
113,COCO,UNIPC,KARRAS,NONE,4.601678378088399,203.367868869726,,21.433048248291016,38.894248962402344,33.72844314575195,17
114,COCO,DPMS,DDIM,NONE,2.5602759279403835,299.018636083029,,20.750083923339844,37.38959503173828,33.697017669677734,25
115,COCO,UNIPC,AYS,NONE,4.508317754417658,203.367868869726,,21.40341567993164,38.55751419067383,33.72323989868164,17
116,COCO,UNIPC,LINEAR,NONE,4.4563979827240106,203.367868869726,,21.56249237060547,37.52113723754883,33.70502853393555,17
117,COCO,UNIPC,DDIM,NONE,4.440874639824033,203.367868869726,,22.401716232299805,34.959781646728516,33.58401870727539,17
118,COCO,DPMS,LINEAR,NONE,4.565620605163276,203.367867820861,,21.105655670166016,38.039573669433594,33.71403121948242,17
119,COCO,DPMS,DDIM,NONE,4.514633028665558,203.367867820861,,22.139020919799805,35.60658645629883,33.56657409667969,17
120,COCO,UNIPC,AYS,NONE,2.739493522532284,119.673446181451,,20.17874526977539,37.705787658691406,33.53223419189453,10
121,COCO,DPMS,KARRAS,NONE,1.7440238281339406,203.367867820861,,21.28357696533203,39.06196594238281,33.737796783447266,17
122,COCO,UNIPC,LINEAR,NONE,2.630897990502417,119.673446181451,,20.507551193237305,37.22734069824219,33.56617736816406,10
123,COCO,UNIPC,DDIM,NONE,2.711805795170367,119.673446181451,,27.545286178588867,30.33475112915039,33.48553466796875,10
124,COCO,UNIPC,KARRAS,NONE,1.0594368298538028,119.673446181451,,20.891115188598633,37.918731689453125,33.60010528564453,10
125,COCO,DPMS,AYS,NONE,2.7065853395313026,119.673445591464,,19.892993927001953,38.72985076904297,33.56574249267578,10
126,COCO,DPMS,KARRAS,NONE,2.6658769372478126,119.673445591464,,20.542177200317383,38.31598663330078,33.64822006225586,10
127,COCO,UNIPC,KARRAS,NONE,1.863585152849555,83.804407886476,,22.206924438476562,34.14124298095703,33.28891372680664,7
128,COCO,UNIPC,SNR,NONE,1.8794768458232283,83.804407886476,,23.968046188354492,34.11128234863281,32.947200775146484,7
129,COCO,DPMS,LINEAR,NONE,1.0359326815325767,119.673445591464,,20.15833854675293,37.17886734008789,33.56470489501953,10
130,COCO,DPMS,DDIM,NONE,1.035600899681449,119.673445591464,,26.442197799682617,30.4501895904541,33.45966720581055,10
131,COCO,UNIPC,AYS,NONE,1.8417546659708024,83.804407886476,,19.960891723632812,36.76213836669922,33.23060989379883,7
132,COCO,UNIPC,LINEAR,NONE,1.8859309620177374,83.804407886476,,20.12796401977539,36.517822265625,33.409332275390625,7
133,COCO,UNIPC,DDIM,NONE,0.7448486694693566,83.804407886476,,38.984901428222656,24.586780548095703,32.9155387878418,7
134,COCO,DPMS,KARRAS,NONE,0.728081652969122,83.804407493151,,21.807849884033203,35.36107635498047,33.34131622314453,7
135,COCO,DPMS,SNR,NONE,0.7331417590007185,83.804407493151,,23.19547462463379,34.891929626464844,33.02311706542969,7
136,COCO,DPMS,AYS,NONE,1.8725700418651103,83.804407493151,,20.076662063598633,36.65210723876953,33.260719299316406,7
137,COCO,DPMS,DDIM,NONE,1.8637923362478614,83.804407493151,,36.321754455566406,25.182268142700195,32.886417388916016,7
138,COCO,DPMS,LINEAR,NONE,1.8732394866645337,83.804407493151,,20.26395034790039,36.50348663330078,33.41512680053711,7
139,COCO,UNIPC,SNR,NONE,1.3450460781902074,59.891715689826,,46.933292388916016,24.57789421081543,31.65514373779297,5
140,COCO,UNIPC,AYS,NONE,1.3369991285726428,59.891715689826,,27.571123123168945,30.67434310913086,32.456417083740234,5
141,COCO,UNIPC,LINEAR,NONE,1.3736178625002504,59.891715689826,,21.385244369506836,34.90662384033203,33.21974182128906,5
142,COCO,UNIPC,DDIM,NONE,0.5375459972396492,59.891715689826,,66.65982818603516,17.83241844177246,31.262449264526367,5
143,COCO,DPMS,KARRAS,NONE,1.3462089993804693,59.891715427609,,36.62825393676758,27.55304527282715,32.22628402709961,5
144,COCO,DPMS,AYS,NONE,1.3312920386344194,59.891715427609,,28.179412841796875,30.947978973388672,32.428443908691406,5
145,COCO,DPMS,SNR,NONE,0.5300782930478454,59.891715427609,,45.31303787231445,25.02872657775879,31.703380584716797,5
146,COCO,DPMS,DDIM,NONE,1.3437729194760322,59.891715427609,,62.67633056640625,18.948352813720703,31.06144905090332,5
147,COCO,DPMS,LINEAR,NONE,1.3165649392455816,59.891715427609,,21.892257690429688,35.06248092651367,33.207435607910156,5
148,COCO,DDIM,SNR,NONE,6.57657445460558,299.018636082845,,20.685033798217773,39.813987731933594,33.74028396606445,25
149,COCO,DDIM,KARRAS,NONE,6.946576495338231,299.018636082845,,20.969762802124023,39.817779541015625,33.75105667114258,25
150,COCO,DDIM,LINEAR,NONE,6.607670869044959,299.018636082845,,21.0779972076416,38.42505645751953,33.72610855102539,25
151,COCO,DDIM,DDIM,NONE,6.819126632288098,299.018636082845,,20.736555099487305,38.032371520996094,33.61351013183594,25
152,COCO,DDIM,AYS,NONE,6.626080901920796,299.018636082845,,21.00450325012207,39.46247100830078,33.743309020996094,25
153,COCO,DDIM,KARRAS,NONE,4.485817800499499,203.367867820741,,21.12070083618164,39.33595275878906,33.70906066894531,17
154,COCO,DDIM,SNR,NONE,4.418913712166249,203.367867820741,,20.930288314819336,39.05561828613281,33.67637252807617,17
155,COCO,DDIM,AYS,NONE,4.615903866379522,203.367867820741,,20.786014556884766,39.06334686279297,33.69394302368164,17
156,COCO,DDIM,KARRAS,NONE,2.653744902536273,119.6734455914,,22.281274795532227,37.864402770996094,33.52861404418945,10
157,COCO,DDIM,LINEAR,NONE,4.473743758783676,203.367867820741,,20.681659698486328,38.59150695800781,33.60588836669922,17
158,COCO,DDIM,DDIM,NONE,4.549589996235445,203.367867820741,,20.830978393554688,37.14957809448242,33.363975524902344,17
159,COCO,DDIM,SNR,NONE,2.6605153726739807,119.6734455914,,22.74298858642578,36.91337585449219,33.44072723388672,10
160,COCO,DDIM,LINEAR,NONE,2.620399956535548,119.6734455914,,20.789600372314453,37.15685272216797,33.42673873901367,10
161,COCO,DDIM,AYS,NONE,2.625448811762035,119.6734455914,,21.443592071533203,37.220237731933594,33.50209426879883,10
162,COCO,DDIM,DDIM,NONE,2.5905076923593877,119.6734455914,,23.165651321411133,33.95916748046875,33.046356201171875,10
163,COCO,DDIM,LINEAR,NONE,1.9224728855630382,83.804407493111,,22.045825958251953,35.741878509521484,33.337432861328125,7
164,COCO,DDIM,DDIM,NONE,1.8582139196572824,83.804407493111,,30.77212905883789,29.509052276611328,32.40403366088867,7
165,COCO,DDIM,KARRAS,NONE,1.3575103448564187,59.891715427585,,36.181312561035156,29.290090560913086,32.52721405029297,5
166,COCO,DDIM,AYS,NONE,1.8530858138948678,83.804407493111,,24.295469284057617,35.21849822998047,33.17029571533203,7
167,COCO,DDIM,DDIM,NONE,1.3573927659913898,59.891715427585,,52.31223678588867,23.355636596679688,30.749256134033203,5
168,COCO,DDIM,AYS,NONE,1.3174301125854253,59.891715427585,,36.90983963012695,28.6958065032959,32.26271438598633,5
169,COCO,DDIM,LINEAR,NONE,1.3483890978991986,59.891715427585,,25.094552993774414,33.07918167114258,33.11085891723633,5
